Title,Year
 Materialists ,2025
 Warfare ,2025
 Lurker ,2025
 Ella McCay ,2025
 Hamlet ,2025
 Frankenstein ,2025
 Hamnet ,2025
 Coolie ,2025
 Eddington ,2025
 Bring Her Back ,2025
 Mickey 17 ,2025
 Avatar: Fire and Ash ,2025
 After the Hunt ,2025
 Caught Stealing ,2025
 The Mastermind ,2025
 Honey Don't! ,2025
 Black Bag ,2025
 Marty Supreme ,2025
 Wake Up Dead Man ,2025
 Roofman ,2025
 Bugonia ,2025
 Weapons ,2025You watched this film
 Superman ,2025
 KPop Demon Hunters ,2025
 Sentimental Value ,2025
 It Was Just an Accident ,2025
 Die My Love ,2025
 A Minecraft Movie ,2025
 No Other Choice ,2025
 28 Years Later ,2025
 Pillion ,2025
 Sinners ,2025
 One Battle After Another ,2025
